<shapes>
    <shape>
        <type>"square"</type>
        <args>
            <arg>"10"</arg>
        </args>
    </shape>
    <shape>
        <type>"circle"</type>
        <args>
            <arg>"4"</arg>
        </args>
    </shape>
    <shape>
        <type>"non-circle ellipse"</type>
        <args>
            <arg>"4"</arg>
            <arg>"2"</arg>
        </args>
    </shape>
    <shape>
        <type>"non-square rectangle"</type>
        <args>
            <arg>"8"</arg>
            <arg>"3</arg>
        </args>
    </shape>
    <shape>
        <type>"equilateral"</type>
        <args>
            <arg>"4"</arg>
        </args>
    </shape>
    <shape>
        <type>"isosceles"</type>
        <args>
            <arg>"4"</arg>
            <arg>"2"</arg>
        </args>
    </shape>
    <shape>
        <type>"scalene"</type>
        <args>
            <arg>"4"</arg>
            <arg>"3"</arg>
            <arg>"6"</arg>
        </args>
    </shape>
    <shape>
        <type>"regular polygon"</type>
        <args>
            <arg>"3"</arg>
            <arg>"7"</arg>
        </args>
    </shape>
    <shape>
        <type>"circle"</type>
        <args>
            <arg>"7"</arg>
        </args>
    </shape>
</shapes>